,TopicNum,Terms
0,0,"[('patient', 0.027202243), ('diabetes', 0.009045766), ('effect', 0.008417917), ('hypertension', 0.006952511), ('smoker', 0.006267566), ('smoking', 0.005883394), ('smoke', 0.00577966), ('rate', 0.004749326), ('non', 0.0047239484), ('show', 0.004404222)]"
1,1,"[('obesity', 0.01770158), ('weight', 0.011255539), ('hypertension', 0.011221197), ('psychological', 0.009047481), ('child', 0.008436329), ('obese', 0.0077928943), ('bmi', 0.006923276), ('overweight', 0.0059487885), ('student', 0.0056476356), ('male', 0.005149237)]"
2,2,"[('child', 0.0105029885), ('weight', 0.008337434), ('physical', 0.008247645), ('show', 0.007404602), ('cholesterol', 0.0068907076), ('obesity', 0.0063467342), ('mean', 0.0062997104), ('total', 0.0060719745), ('family', 0.0058649722), ('value', 0.0052377624)]"
3,3,"[('diabetes', 0.010245176), ('obesity', 0.009279009), ('activity', 0.00908617), ('bmi', 0.008688342), ('weight', 0.0076077334), ('male', 0.006800264), ('effect', 0.006689346), ('student', 0.006148474), ('gain', 0.005277145), ('middle', 0.0049799494)]"
4,4,"[('hypertension', 0.016347283), ('obesity', 0.014482939), ('anger', 0.012719223), ('patient', 0.008719529), ('psychological', 0.008135969), ('control', 0.007273497), ('diabetes', 0.0063447705), ('case', 0.005931772), ('bmi', 0.005840822), ('gender', 0.005744472)]"
